[
    {
        "_id": 1000,
        "ContinentID": 1,
        "ContinentName": "North America",
        "ExtraTroops": 1342000
    },

    {
        "_id": 1001,
        "ContinentID": 2,
        "ContinentName": "Europe",
        "ExtraTroops": 912000
    },

    {
        "_id": 1002,
        "ContinentID": 3,
        "ContinentName": "Asia",
        "ExtraTroops": 5912000
    },

    {
        "_id": 1003,
        "ContinentID": 4,
        "ContinentName": "Africa",
        "ExtraTroops": 92000
    },

    {
        "_id": 1004,
        "ContinentID": 5,
        "ContinentName": "South America",
        "ExtraTroops": 240000
    },

    {
        "_id": 1005,
        "ContinentID": 6,
        "ContinentName": "Australia",
        "ExtraTroops": 80000
    },

    {
        "_id": 1006,
        "ContinentID": 7,
        "ContinentName": "Antarctica",
        "ExtraTroops": 1200
    }

]